<?xml version="1.0" encoding="utf-8" standalone="yes"?>
<rss version="2.0" xmlns:atom="http://www.w3.org/2005/Atom">
    <channel>
        <title>Posts on Nacocx&#39;s Blog</title>
        <link>https://example.com/post/</link>
        <description>Recent content in Posts on Nacocx&#39;s Blog</description>
        <generator>Hugo -- gohugo.io</generator>
        <language>zh-cn</language>
        <copyright>Nacocx</copyright>
        <lastBuildDate></lastBuildDate><atom:link href="https://example.com/post/index.xml" rel="self" type="application/rss+xml" />
    </channel>
</rss>
