<?xml version="1.0" encoding="utf-8" standalone="yes"?>
<rss version="2.0" xmlns:atom="http://www.w3.org/2005/Atom">
    <channel>
        <title>Categories on Nacocx&#39;s Blog</title>
        <link>https://example.com/categories/</link>
        <description>Recent content in Categories on Nacocx&#39;s Blog</description>
        <generator>Hugo -- gohugo.io</generator>
        <language>zh-cn</language>
        <copyright>Nacocx</copyright><atom:link href="https://example.com/categories/index.xml" rel="self" type="application/rss+xml" /><item>
        <title>Test</title>
        <link>https://example.com/categories/test/</link>
        <pubDate>Mon, 01 Jan 0001 00:00:00 +0000</pubDate>
        
        <guid>https://example.com/categories/test/</guid>
        <description>&lt;img src="https://example.com/categories/test/hutomo-abrianto-l2jk-uxb1BY-unsplash.jpg" alt="Featured image of post Test" /&gt;</description>
        </item>
        
    </channel>
</rss>
